Actual,Predicted
37.7848,-100.31529051724141
-122.41,15.681715517241386
