Actual,Predicted
-122.415,-34.304209724130345
-122.42,-36.70895738083215
37.7739,-35.87654473043537
-122.409,-37.26389914776334
-122.415,-34.67417090208447
0.0,-37.54137003122894
37.776,-35.506583552481246
-122.415,-35.41409325799272
37.7739,-36.06152531941244
-122.415,-34.85915149106153
