Actual,Predicted
-122.415,-22.509823276456387
-122.415,-28.473117175112026
-122.415,-24.4975879093416
-122.415,-27.47923485866942
37.776,-31.951705282661145
-122.415,-31.454764124439844
